Name,Labels,Category
HEIGHT,Child's Height (CM),Physical Characteristics
FIPSST,State FIPS Code,Administrative/Survey Design
STRATUM,Sampling Stratum,Administrative/Survey Design
HHID,Unique Household ID,Family/Community Context
FORMTYPE,Form Type,Miscellaneous/Review
TOTKIDS_R,Number of Children in Household,Family/Community Context
TENURE,The Conditions under Which Land or Buildings Are Held or Occupied,Health Conditions
HHLANGUAGE,Primary Household Language,Demographic
SC_AGE_YEARS,Age of Selected Child - In Years,Demographic
SC_SEX,Sex of Selected Child,Demographic
K2Q35A_1_YEARS,Autism ASD - First Told Age in Years,Demographic
BIRTH_MO,Birth Month,Miscellaneous/Review
BIRTH_YR,Birth Year,Miscellaneous/Review
K6Q41R_STILL,Stopped Breastfeeding - Still Breastfeeding,Miscellaneous/Review
K6Q42R_NEVER,First Fed Formula - Never,Miscellaneous/Review
K6Q43R_NEVER,First Fed Other - Never,Miscellaneous/Review
K6Q13A,Questionnaire Covers Talks or Speech Sounds Concerns,Miscellaneous/Review
K6Q13B,Questionnaire Covers Interaction Concerns,Miscellaneous/Review
K6Q14A,Questionnaire Covers Words and Phrases Concerns,Miscellaneous/Review
K6Q14B,Questionnaire Covers Behaves and Gets Along Concerns,Miscellaneous/Review
EYECARE1,Eye Doctor Care - Examination,Health Service Access
EYECARE2,Eye Doctor Care - Corrective Lenses,Health Service Access
EYECARE3,Eye Doctor Care - Vision Disorder,Health Service Access
EYECARE4,Eye Doctor Care - Some other care,Health Service Access
K4Q30_R_1,Dental Provider Visit - Dentist,Health Service Access
K4Q30_R_2,Dental Provider Visit - Other,Health Service Access
K4Q30_R_3,Dental Provider Visit - No,Health Service Access
DENTALSERV1,Dental Service - Check-up,Miscellaneous/Review
DENTALSERV2,Dental Service - Cleaning,Miscellaneous/Review
DENTALSERV3,Dental Service - Instructions on Toothbrushing,Miscellaneous/Review
DENTALSERV4,Dental Service - X-Rays,Miscellaneous/Review
DENTALSERV5,Dental Service - Fluoride Treatment,Miscellaneous/Review
DENTALSERV6,Dental Service - Sealant,Miscellaneous/Review
DENTALSERV7,Dental Service - Don't Know,Miscellaneous/Review
K4Q28X01,Needed Health Care Not Received - Medical Care,Health Service Access
K4Q28X02,Needed Health Care Not Received - Dental Care,Health Service Access
K4Q28X03,Needed Health Care Not Received - Vision Care,Health Service Access
K4Q28X_EAR,Needed Health Care Not Received - Hearing Care,Health Service Access
K4Q28X04,Needed Health Care Not Received - Mental Health Services,Behavioral/Developmental
K4Q28X05,Needed Health Care Not Received - Other,Health Service Access
SESPLANYR,Special Education Plan - Age in Years,Socioeconomic
SESPLANMO,Special Education Plan - Age in Months (use with SESPLANYR),Socioeconomic
K4Q37,Received Special Services - Age in Years,Demographic
SPCSERVMO,Received Special Services - Age in Months (use with K4Q37),Demographic
LIVEUSA_YR,How Long Living in the United States - Years,Miscellaneous/Review
LIVEUSA_MO,How Long Living in the United States - Months,Miscellaneous/Review
K11Q43R,How Many Times Moved to New Address,Miscellaneous/Review
PLACESLIVED,Number of placed the child has lived,Miscellaneous/Review
A1_AGE,Adult 1 - Age in Years,Demographic
A2_AGE,Adult 2 - Age in Years,Demographic
HHCOUNT,Number of People Living at Address,Miscellaneous/Review
FAMCOUNT,Number of People That Are Family Members,Family/Community Context
BREATHING,Difficulty Breathing Past 12 Months,Miscellaneous/Review
SWALLOWING,Difficulty Swallowing Past 12 Months,Miscellaneous/Review
STOMACH,Difficulty Stomach Past 12 Months,Miscellaneous/Review
PHYSICALPAIN,Difficulty Physical Pain Past 12 Months,Miscellaneous/Review
HANDS,Difficulty Hands Past 12 Months,Miscellaneous/Review
COORDINATION,Difficulty Coordination Past 12 Months,Miscellaneous/Review
TOOTHACHES,Difficulty Toothaches Past 12 Months,Miscellaneous/Review
GUMBLEED,Difficulty Bleeding Gums Past 12 Months,Miscellaneous/Review
CAVITIES,Difficulty Cavities Past 12 Months,Miscellaneous/Review
MEMORYCOND,"Serious Difficulty Concentrating, Remembering, or Making Decisions",Miscellaneous/Review
WALKSTAIRS,Serious Difficulty Walking or Climbing Stairs,Miscellaneous/Review
DRESSING,Difficulty Dressing or Bathing,Miscellaneous/Review
ERRANDALONE,Difficulty Doing Errands Alone,Miscellaneous/Review
K2Q43B,Deafness,Miscellaneous/Review
BLINDNESS,Blindness,Miscellaneous/Review
ALLERGIES,Allergies,Health Conditions
ALLERGIES_CURR,Allergies Currently,Health Conditions
K2Q40A,Asthma,Health Conditions
K2Q40B,Asthma Currently,Health Conditions
AUTOIMMUNE,Autoimmune Disease,Miscellaneous/Review
K2Q61A,Cerebral Palsy,Miscellaneous/Review
DIABETES,Diabetes,Health Conditions
DIABETES_CURR,Diabetes Currently,Health Conditions
K2Q42A,Epilepsy,Health Conditions
K2Q42B,Epilepsy Currently,Health Conditions
HEART,Heart Condition,Miscellaneous/Review
HEART_BORN,Heart Born,Miscellaneous/Review
HEART_CURR,Heart Condition Currently,Miscellaneous/Review
HEADACHE,Headaches,Miscellaneous/Review
HEADACHE_CURR,Headaches Currently,Miscellaneous/Review
K2Q38A,Tourette Syndrome,Miscellaneous/Review
K2Q38B,Tourette Syndrome Currently,Miscellaneous/Review
K2Q33A,Anxiety,Miscellaneous/Review
K2Q33B,Anxiety Currently,Miscellaneous/Review
K2Q32A,Depression,Miscellaneous/Review
K2Q32B,Depression Currently,Miscellaneous/Review
DOWNSYN,Down Syndrome,Miscellaneous/Review
BLOOD,Blood Disorder,Miscellaneous/Review
SICKLECELL,Blood Disorder Sickle Cell,Miscellaneous/Review
THALASSEMIA,Blood Disorder Thalassemia,Miscellaneous/Review
HEMOPHILIA,Blood Disorder Hemophilia,Miscellaneous/Review
BLOOD_OTHER,Blood Disorder Other (includes Hemophilia),Miscellaneous/Review
BLOOD_SCREEN,Blood Disorder Newborn Screening,Miscellaneous/Review
CYSTFIB,Cystic Fibrosis,Miscellaneous/Review
CYSTFIB_SCREEN,Cystic Fibrosis Newborn Screening,Miscellaneous/Review
FASD,Fetal Alcohol Spectrum Disorder (FASD),Miscellaneous/Review
K2Q34A,Behavior Problems,Behavioral/Developmental
K2Q34B,Behavior Problems Currently,Behavioral/Developmental
K2Q36A,Developmental Delay,Miscellaneous/Review
K2Q36B,Developmental Delay Currently,Miscellaneous/Review
K2Q60A,Intellectual Disability,Miscellaneous/Review
K2Q60B,Intellectual Disability Currently,Miscellaneous/Review
K2Q37A,Speech Disorder,Miscellaneous/Review
K2Q37B,Speech Disorder Currently,Miscellaneous/Review
K2Q30A,Learning Disability,Miscellaneous/Review
K2Q30B,Learning Disability Currently,Miscellaneous/Review
K2Q35A,Autism ASD,Behavioral/Developmental
K2Q35B,Autism ASD Currently,Behavioral/Developmental
AUTISMMED,Autism ASD - Medication Currently,Behavioral/Developmental
AUTISMTREAT,Autism ASD - Behavioral Treatment,Behavioral/Developmental
K2Q31A,ADD/ADHD,Behavioral/Developmental
K2Q31B,ADD/ADHD Currently,Behavioral/Developmental
K2Q31D,ADD/ADHD - Medication Currently,Behavioral/Developmental
ADDTREAT,ADD/ADHD - Behavioral Treatment,Behavioral/Developmental
CONCUSSION,Concussion/Brain Injury,Miscellaneous/Review
SEEKCARE,Concussion/Brain Injury - Seek Care,Health Service Access
CONFIRMINJURY,Concussion/Brain Injury - Confirmed Injury,Miscellaneous/Review
K2Q05,Born 3 or More Weeks Before Due Date,Miscellaneous/Review
K6Q40,Ever Breastfed,Miscellaneous/Review
S4Q01,Doctor Visit,Health Service Access
DOCPRIVATE,Child Spoke with Doctor Privately,Health Service Access
OVERWEIGHT,Doctor Identified as Overweight,Health Service Access
K6Q10,"Asked about Learning, Development, Behavior Concerns",Behavioral/Developmental
K6Q12,Questionnaire - Development Concerns,Miscellaneous/Review
ENGAGE_FAST,Eating Engagement - Fasting,Demographic
ENGAGE_INTEREST,Eating Engagement - No Interest,Demographic
ENGAGE_PICKY,Eating Engagement - Picky,Demographic
ENGAGE_BINGE,Eating Engagement - Binging,Demographic
ENGAGE_PURG,Eating Engagement - Purging,Demographic
ENGAGE_PILLS,Eating Engagement - Pills,Demographic
ENGAGE_EXERCISE,Eating Engagement - Over-Exercise,Demographic
ENGAGE_NOEAT,Eating Engagement - Not Eating,Demographic
K4Q01,Place Usually Goes Sick,Miscellaneous/Review
USUALGO,Place Usually Goes for Preventive Care,Health Service Access
USUALSICK,Place Usually Goes for Sick Same As Preventive,Miscellaneous/Review
VISIONSCREENOTHER,Vision Screening from Other Provider,Miscellaneous/Review
VISIONEXAMREC,Vision Test Recommended,Miscellaneous/Review
EYEDOCTOR,Visition Tested by Eye Doctor,Health Service Access
K4Q23,Emotions Concentration Behavior Medication,Behavioral/Developmental
K4Q27,Needed Health Care Not Received,Health Service Access
NOTELIG,Needed Health Care Not Received Due to - Not Eligible,Health Service Access
AVAILABLE,Needed Health Care Not Received Due to - Not Available,Health Service Access
APPOINTMENT,Needed Health Care Not Received Due to - Getting Appointment,Health Service Access
TRANSPORTCC,Needed Health Care Not Received Due to - Getting Transportation,Health Service Access
NOTOPEN,Needed Health Care Not Received Due to - Office Not Open,Health Service Access
ISSUECOST,Needed Health Care Not Received Due to - Cost,Health Service Access
HOSPITALSTAY,Admitted to Hospital,Miscellaneous/Review
K6Q15,Special Education Plan,Socioeconomic
SESCURRSVC,Special Education Plan - Currently,Socioeconomic
K4Q36,Received Special Services,Miscellaneous/Review
K4Q38,Received Special Services - Currently,Miscellaneous/Review
K5Q10,Need a Referral,Miscellaneous/Review
DECISIONS_R,Health Care Decisions Needed,Health Service Access
K5Q21,Arrange Or Coordinate Care Extra Help,Health Service Access
TREATCHILD,Doctors Treat Only Children,Health Service Access
TREATADULT,Talked About Child Seeing Doctors Who Treat Adults,Health Service Access
MEDHISTORY,Receive Summary of Medical History,Health Service Access
WRITEPLAN,Doctor Worked with You and Child To Create Written Plan,Health Service Access
RECEIVECOPY,Have Access to Plan of Care,Health Service Access
HEALTHKNOW,How Child Will Be Insured as an Adult,Miscellaneous/Review
KEEPINSADULT,How to Obtain/Keep Health Insurance as Child Becomes Adult,Health Service Access
CURRCOV,Health Insurance Coverage - Currently Covered (Use CURRINS),Demographic
K12Q03,Health Insurance - Current/Former Employer or Union,Health Service Access
K12Q04,Health Insurance - Insurance Company,Health Service Access
K12Q12,Health Insurance - Government Assistance Plan,Health Service Access
TRICARE,Health Insurance - TRICARE,Health Service Access
K11Q03R,Health Insurance - Indian Health Service,Health Service Access
HCCOVOTH,Health Insurance - Other,Health Service Access
K3Q25,Problems Paying for Medical or Health Care,Health Service Access
STOPWORK,Past 12 Months - Stopped Working because of Health Status,Health Conditions
CUTHOURS,Past 12 Months -Cut Hours because of Health Conditions,Health Conditions
AVOIDCHG,Past 12 Months - Avoided Changing Jobs to Maintain Health Insurance,Health Service Access
ONEWORD,Say One Word,Miscellaneous/Review
TWOWORDS,Use Two Words Together,Miscellaneous/Review
THREEWORDS,Use Three Words Together,Miscellaneous/Review
ASKQUESTION,"Ask Questions: Who, What, When, Where",Miscellaneous/Review
ASKQUESTION2,"Ask Questions:  Why, How",Miscellaneous/Review
TELLSTORY,Tell a Story,Miscellaneous/Review
UNDERSTAND,"Understand No""",Miscellaneous/Review
DIRECTIONS,Follow Verbal Directions,Miscellaneous/Review
POINT,Point to Things,Miscellaneous/Review
DIRECTIONS2,Follow Two Step Directions,Miscellaneous/Review
UNDERSTAND2,"Understand 'In', 'On', 'Under'",Miscellaneous/Review
REPEATED,Child Repeated Any Grades,Miscellaneous/Review
K7Q30,Sports Team or Sports Lessons - Past 12 Months,Miscellaneous/Review
K7Q31,Clubs or Organizations - Past 12 Months,Miscellaneous/Review
K7Q32,Organized Activities or Lessons - Past 12 Months,Miscellaneous/Review
K7Q37,Community Service or Volunteer Work - Past 12 Months,Miscellaneous/Review
K7Q38,Paid Work or Regular Job - Past 12 Months,Miscellaneous/Review
BORNUSA,Born in the United States,Miscellaneous/Review
K8Q35,Someone to Turn To for Emotional Support,Behavioral/Developmental
K6Q27,Job Change Because Problems with Child Care,Health Service Access
K9Q40,Anyone in Household Use Cigarettes,Family/Community Context
K9Q41,Anyone Smoke Inside of Home,Family/Community Context
VAPE,Vape/E-Cigarettes inside of Home,Family/Community Context
K11Q60,Cash Assistance from Government - Past 12 Months,Miscellaneous/Review
K11Q61,Food Stamps - Past 12 Months,Miscellaneous/Review
K11Q62,Free or Reduced Cost Meals - Past 12 Months,Miscellaneous/Review
EBTCARDS,School Meal Debit,Miscellaneous/Review
S9Q34,WIC Benefits - Past 12 Months,Miscellaneous/Review
SSI,Receive SSI,Miscellaneous/Review
SSIDISABILITY,Receive SSI for Disability,Miscellaneous/Review
K10Q11,Neighborhood - Sidewalks or Walking Paths,Family/Community Context
K10Q12,Neighborhood - Park or Playground,Family/Community Context
K10Q13,Neighborhood - Recreation Center,Family/Community Context
K10Q14,Neighborhood - Library or Bookmobile,Family/Community Context
K10Q20,Neighborhood - Litter or Garbage,Demographic
K10Q22,Neighborhood - Poorly Kept or Rundown Housing,Family/Community Context
K10Q23,Neighborhood - Vandalism,Family/Community Context
K9Q96,Other Adult Child Can Rely On For Advice,Miscellaneous/Review
ACE3,Child Experienced - Parent or Guardian Divorced,Family/Community Context
ACE4,Child Experienced - Parent or Guardian Died,Family/Community Context
ACE5,Child Experienced - Parent or Guardian Time in Jail,Family/Community Context
ACE6,"Child Experienced - Adults Slap, Hit, Kick, Punch Others",Miscellaneous/Review
ACE7,Child Experienced - Victim of Violence,Miscellaneous/Review
ACE8,Child Experienced - Lived with Mentally Ill,Miscellaneous/Review
ACE9,Child Experienced - Lived with Person with Alcohol/Drug Problem,Miscellaneous/Review
ACE10,Child Experienced - Treated Unfairly Because of Race,Demographic
ACE11,Child Experienced - Treated Unfairly Because of Health Condition,Miscellaneous/Review
VIDEOPHONE,COVID - Virtual Health Care Visits,Health Service Access
A1_DEPLSTAT,Adult 1 - Deployment Status,Miscellaneous/Review
A2_DEPLSTAT,Adult 2 - Deployment Status,Miscellaneous/Review
ALLERGIES_DESC,Allergies Severity Description,Health Conditions
K2Q40C,Asthma Severity Description,Health Conditions
AUTOIMMUNE_DESC,Autoimmune Disease Description,Miscellaneous/Review
CERPALS_DESC,Cerebral Palsy Severity Description,Miscellaneous/Review
DIABETES_DESC,Diabetes Severity Description,Health Conditions
K2Q42C,Epilepsy Severity Description,Health Conditions
HEART_DESC,Heart Condition Severity Description,Miscellaneous/Review
HEADACHE_DESC,Headaches Severity Description,Miscellaneous/Review
K2Q38C,Tourette Syndrome Severity Description,Miscellaneous/Review
K2Q33C,Anxiety Severity Description,Miscellaneous/Review
K2Q32C,Depression Severity Description,Miscellaneous/Review
BLOOD_DESC,Blood Disorder Severity Description,Miscellaneous/Review
K2Q34C,Behavior Problems Severity Description,Behavioral/Developmental
K2Q36C,Developmental Delay Severity Description,Miscellaneous/Review
K2Q60C,Intellectual Disability Severity Description,Miscellaneous/Review
K2Q37C,Speech Disorder Severity Description,Miscellaneous/Review
K2Q30C,Learning Disability Severity Description,Miscellaneous/Review
K2Q35C,Autism ASD Severity Description,Behavioral/Developmental
K2Q31C,ADD/ADHD Severity Description,Behavioral/Developmental
ENGAGECONCERN,Concerned over Child's Engagement in Eating Behaviors,Demographic
BODYIMAGE,Child's concern over body image,Demographic
BOUNCEABALL,Bounce Ball,Miscellaneous/Review
DRAWACIRCLE,Draw a Circle,Miscellaneous/Review
DRAWAFACE,Draw a Face,Miscellaneous/Review
DRAWAPERSON,Draw a Person,Miscellaneous/Review
A1_SEX,Adult 1 - Sex,Demographic
A1_BORN,Adult 1 - Where Born,Miscellaneous/Review
A1_EMPLOYED_R,Adult 1 - Current Employment Status,Socioeconomic
A1_GRADE,Adult 1 - Highest Completed Year of School,Miscellaneous/Review
A1_MARITAL,Adult 1 - Marital Status,Miscellaneous/Review
A1_RELATION,Adult 1 - How Related to Child,Miscellaneous/Review
A2_SEX,Adult 2 - Sex,Demographic
A2_BORN,Adult 2 - Where Born,Miscellaneous/Review
A2_EMPLOYED_R,Adult 2 - Current Employment Status,Socioeconomic
A2_GRADE,Adult 2 - Highest Completed Year of School,Miscellaneous/Review
A2_MARITAL,Adult 2 - Marital Status,Miscellaneous/Review
A2_RELATION,Adult 2 - How Related to Child,Miscellaneous/Review
A1_ACTIVE,Adult 1 - Active Duty,Miscellaneous/Review
A2_ACTIVE,Adult 2 - Active Duty,Miscellaneous/Review
A1_PHYSHEALTH,Adult 1 - Physical Health,Miscellaneous/Review
A1_MENTHEALTH,Adult 1 - Mental or Emotional Health,Behavioral/Developmental
A2_PHYSHEALTH,Adult 2 - Physical Health,Miscellaneous/Review
A2_MENTHEALTH,Adult 2 - Mental or Emotional Health,Behavioral/Developmental
K2Q01,General Health,Miscellaneous/Review
K2Q01_D,Teeth Description,Miscellaneous/Review
K5Q40,How Often - Spend Enough Time,Miscellaneous/Review
K5Q41,How Often - Listen Carefully,Health Service Access
K5Q42,How Often - Show Sensitivity,Miscellaneous/Review
K5Q43,How Often - Provide Specific Information,Miscellaneous/Review
K5Q44,How Often - Feel Like a Partner,Miscellaneous/Review
DISCUSSOPT,How Often - Provider Discussed Range of Options,Miscellaneous/Review
RAISECONC,How Often - Easy to Raise Concerns or Disagree,Miscellaneous/Review
BESTFORCHILD,How Often - Work to Decide Together Treatment,Miscellaneous/Review
K3Q20,Health Insurance - Benefits Cover Services,Health Service Access
K3Q22,Health Insurance - Allow to See Provider,Health Service Access
K3Q21B,How Often Costs Reasonable,Miscellaneous/Review
K6Q70_R,Affectionate,Miscellaneous/Review
K6Q73_R,Bounces Back,Miscellaneous/Review
K6Q71_R,Show Interest and Curiosity,Miscellaneous/Review
K6Q72_R,Smiles Laughs,Miscellaneous/Review
K7Q84_R,Works to Finish Tasks Started,Miscellaneous/Review
K7Q85_R,Stays Calm and In Control When Challenged,Miscellaneous/Review
K7Q82_R,Cares About Doing Well in School,Health Service Access
K7Q83_R,Does All Required Homework,Family/Community Context
K7Q70_R,Argues Too Much,Behavioral/Developmental
BULLIED_R,"Bullied, Picked On, or Excluded by Others",Miscellaneous/Review
BULLY,"Bullies Others, Picks on Them, or Excludes Them",Miscellaneous/Review
RECOGBEGIN,Recognize Beginning Sound of a Word,Miscellaneous/Review
SAMESOUND,Words with Same Start Sound,Miscellaneous/Review
CLEAREXP,How Often - Explain Things Good Idea,Miscellaneous/Review
WRITENAME,How Often - Write First Name,Miscellaneous/Review
FOCUSON,Focus on a Task,Miscellaneous/Review
READONEDIGIT,Read One Digit,Miscellaneous/Review
SIMPLEADDITION,Simple Addition,Miscellaneous/Review
GROUPOFOBJECTS,Group of Objects,Miscellaneous/Review
NAMEEMOTIONS,Recognize Emotion,Miscellaneous/Review
STARTNEWACT,How Often - Difficulty End/Starting Activities,Miscellaneous/Review
TEMPER_R,How Often - Loses Temper,Miscellaneous/Review
PLAYWELL,How Often - Play Well with Others,Miscellaneous/Review
DISTRACTED,How Often - Easily Distracted,Miscellaneous/Review
HURTSAD,How Often - Show Concern,Miscellaneous/Review
CALMDOWN_R,How Often - Calms Down When Excited,Miscellaneous/Review
WAITFORTURN,How Often - Waits for Their Turn,Miscellaneous/Review
HARDWORK,How Often - Work even when hard,Miscellaneous/Review
SHARETOYS,Share Toys,Miscellaneous/Review
RECOGABC,Recognize Letters of Alphabet,Miscellaneous/Review
TALKABOUT,Facing Problems - How Often Talk Together,Miscellaneous/Review
WKTOSOLVE,Facing Problems - How Often Work Together,Miscellaneous/Review
STRENGTHS,Facing Problems - How Often Draw on Strengths,Miscellaneous/Review
HOPEFUL,Facing Problems - How Often Stay Hopeful,Miscellaneous/Review
K10Q30,People In Neighborhood Help Each Other Out,Family/Community Context
K10Q31,Watch Out for Other's Children,Miscellaneous/Review
K10Q40_R,Child is Safe In Neighborhood,Family/Community Context
GOFORHELP,Know Where to Go For Help,Miscellaneous/Review
K10Q41_R,Child Is Safe at School,Miscellaneous/Review
K8Q31,How Often Have You Felt - Child Hard to Care For,Health Service Access
K8Q32,How Often Have You Felt - Child Really Bothers You,Miscellaneous/Review
K8Q34,How Often Have You Felt - Angry with Child,Miscellaneous/Review
HOWMUCH,How Much Medical Health Care - Past 12 Months,Health Service Access
ATHOMEHC,Hours Spent Providing Home Health Care,Family/Community Context
ARRANGEHC,Hours Spent Arranging Health Medical Care,Health Service Access
K7Q02R_R,Days Child Missed School - Illness or Injury,Miscellaneous/Review
K7Q04R_R,Times School Contacted Household About Problems,Family/Community Context
PHYSACTIV,"Exercise, Play Sport, or Physical Activity for 60 Minutes",Physical Characteristics
HOURSLEEP05,Past Week - How Many Hours of Sleep Average,Demographic
HOURSLEEP,Past Week - How Many Hours of Sleep Average,Demographic
OUTDOORSWKDAY,Time Spent Playing Outdoors - Weekday,Miscellaneous/Review
OUTDOORSWKEND,Time Spent Playing Outdoors - Weekend,Miscellaneous/Review
SCREENTIME,"How Much Time Spent with TV, Cellphone, Computer",Miscellaneous/Review
K6Q60_R,How Many Days Read to Child,Miscellaneous/Review
K6Q61_R,How Many Days Tell Stories or Sing to Child,Miscellaneous/Review
K8Q11,How Many Days - Family Eat Meal Together,Family/Community Context
FOODSIT,Food Situation In Household - Past 12 Months,Family/Community Context
EVALFASD,Evaluation for a Fetal Alcohol Spectrum Disorder Recommended,Miscellaneous/Review
RECEVALFASD,Received an Evaluation for FASD,Miscellaneous/Review
POSCHOICE,Doctor Worked with Child to Make Positive Choices,Health Service Access
GAINSKILLS,Doctor Worked with Child to Gain Skills to Manage Health,Demographic
CHANGEAGE,Doctor Worked with Child to Understand Health Care Changes,Health Service Access
MISSMORTGAGE,Not Able to Pay Mortgage or Rent,Demographic
EVERHOMELESS,Homeless or Lived in Shelter,Family/Community Context
K2Q35D,Autism ASD - First Told Doctor Type,Behavioral/Developmental
HCABILITY,Health Affected Ability - How Often,Miscellaneous/Review
HCEXTENT,Health Affected Ability - Extent,Miscellaneous/Review
K4Q20R,Preventive Visit - How Many Times,Health Service Access
DOCROOM,Preventive Visit - How Long with Doctor,Health Service Access
WGTCONC,Concerned About Weight,Physical Characteristics
GOWHENSICK,Place Usually Goes Sick - Where,Miscellaneous/Review
DENTISTVISIT,Preventive Dental Visit - How Many Visits,Health Service Access
K4Q22_R,Mental Health Professional Treatment,Behavioral/Developmental
TREATNEED,Mental Health Professional Treatment - Problem,Behavioral/Developmental
K4Q24_R,Specialist Visit,Health Service Access
K4Q26,Specialist Visit - Problem,Health Service Access
C4Q04,Frustrated In Efforts to Get Service,Miscellaneous/Review
HOSPITALER,Hospital Emergency Room Visits,Health Service Access
K4Q04_R,Personal Doctor or Nurse - One or More,Health Service Access
K5Q11,Need a Referral - Problem,Miscellaneous/Review
K5Q20_R,Arrange Or Coordinate Care Among Doctors,Health Service Access
K5Q22,Arrange Or Coordinate As Much Help As Wanted,Miscellaneous/Review
K5Q30,Communication Satisfaction Among Doctors,Health Service Access
K5Q32,"Communication Satisfaction with School, Child Care, Special Education Program",Socioeconomic
K5Q31_R,"Provider Communication with School, Child Care, Special Education Program",Socioeconomic
K8Q21,Share Ideas or Talk About Things That Matter,Miscellaneous/Review
K8Q30,How Well Handling Demands of Raising Children,Miscellaneous/Review
COUNTTO_R,Can Count How High,Miscellaneous/Review
K7Q33,How Often Attend Events or Activities,Miscellaneous/Review
BEDTIME,How Often - Go to Bed at Same Time,Miscellaneous/Review
K3Q04_R,Health Insurance Coverage - Past 12 Months (Use INSGAP),Demographic
ACE1,Hard to Cover Basics Like Food or Housing,Miscellaneous/Review
MAKEFRIEND,Difficulty Making or Keeping Friends,Miscellaneous/Review
STARTSCHOOL,Has Child Started School,Miscellaneous/Review
SUGARDRINK,How Many Surgary Drinks,Miscellaneous/Review
VEGETABLES,How Many Vegetables,Miscellaneous/Review
FRUIT,How Many Fruits,Miscellaneous/Review
PLANNEEDS_R,Plan Address Transition,Miscellaneous/Review
RHYMEWORD_R,Rhyme Words,Miscellaneous/Review
GRADES,Grades Received in School,Miscellaneous/Review
HOMEEVIC,Worried about Being Evicted,Miscellaneous/Review
YEAR,Survey Year,Administrative/Survey Design
CBSAFP_YN,Core Based Statistical Area Status,Miscellaneous/Review
METRO_YN,Metropolitan Statistical Area Status,Miscellaneous/Review
MPC_YN,Metropolitan Principal City Status,Miscellaneous/Review
TOTAGE_0_5,Count of Children Ages 0 to 5 in Household,Demographic
TOTAGE_6_11,Count of Children Ages 6 to 11 in Household,Demographic
TOTAGE_12_17,Count of Children Ages 12 to 17 in Household,Demographic
TOTCSHCN,Count of Children with Special Health Care Needs in Household,Family/Community Context
TOTNONSHCN,Count of Children without Special Health Care Needs in Household,Family/Community Context
SC_CSHCN,Special Health Care Needs Status of Selected Child,Health Service Access
SC_RACE_R,"Race of Selected Child, Detailed",Demographic
SC_HISPANIC_R,"Hispanic Origin of Selected Child, Recode",Miscellaneous/Review
SC_ENGLISH,SC  Speaks English,Miscellaneous/Review
SC_K2Q10,SC Needs or Uses Medication Currently,Miscellaneous/Review
SC_K2Q11,SC Medication Used or Needed for Health Condition,Miscellaneous/Review
SC_K2Q12,SC Medication Currently for 12 Months,Miscellaneous/Review
SC_K2Q13,SC Needs or Uses More Medical Care than Others,Health Service Access
SC_K2Q14,SC Medical Care Used or Needed for Health Condition,Health Service Access
SC_K2Q15,SC Medical Care Currently for 12 Months,Health Service Access
SC_K2Q16,SC Limited Ability,Miscellaneous/Review
SC_K2Q17,SC Limited Ability from Health Condition,Miscellaneous/Review
SC_K2Q18,SC Limited Ability from Health Condition for 12 Months,Miscellaneous/Review
SC_K2Q19,SC Special Therapy,Miscellaneous/Review
SC_K2Q20,SC Special Therapy for Health Condition,Miscellaneous/Review
SC_K2Q21,SC Special Therapy for Health Condition for 12 Months,Miscellaneous/Review
SC_K2Q22,SC Needs Treatment for Emotion Develop Behave,Miscellaneous/Review
SC_K2Q23,SC Treatment for Chronic Emotion Develop Behave,Health Conditions
SC_AGE_LT4,Age of Selected Child - Less than 4 Months,Demographic
SC_AGE_LT6,Age of Selected Child - Less than 6 Months,Demographic
SC_AGE_LT9,Age of Selected Child - Less than 9 Months,Demographic
SC_AGE_LT10,Age of Selected Child - Less than 10 Months,Demographic
AGEPOS4,Birth Order of Selected Children in Household,Family/Community Context
TENURE_IF,Imputation Flag for TENURE,Miscellaneous/Review
TOTMALE,Count of Male Children in Household,Family/Community Context
TOTFEMALE,Count of Female Children in Household,Family/Community Context
SC_RACE_R_IF,Imputation Flag for SC_RACE_R,Demographic
SC_RACER,"Race of Selected Child, Recode",Demographic
SC_HISPANIC_R_IF,Imputation Flag for SC_HISPANIC_R,Miscellaneous/Review
SC_SEX_IF,Imputation Flag for SC_SEX,Demographic
BIRTHWT_OZ_S,"Standardized Birth Weight, Ounces",Physical Characteristics
BREASTFEDEND_DAY_S,Stopped Breastfeeding - Days (Standardized),Miscellaneous/Review
BREASTFEDEND_WK_S,Stopped Breastfeeding - Weeks (Standardized),Miscellaneous/Review
BREASTFEDEND_MO_S,Stopped Breastfeeding - Months (Standardized),Miscellaneous/Review
FRSTFORMULA_DAY_S,First Fed Formula - Days (Standardized),Miscellaneous/Review
FRSTFORMULA_WK_S,First Fed Formula - Weeks (Standardized),Miscellaneous/Review
FRSTFORMULA_MO_S,First Fed Formula - Months (Standardized),Miscellaneous/Review
FRSTSOLIDS_DAY_S,First Fed Solids - Days (Standardized),Miscellaneous/Review
FRSTSOLIDS_WK_S,First Fed Solids - Days (Standardized),Miscellaneous/Review
FRSTSOLIDS_MO_S,First Fed Solids - Days (Standardized),Miscellaneous/Review
HOUSE_GEN,Parental Nativity,Demographic
FAMILY_R,Family Structure,Family/Community Context
CURRINS,Health Insurance Coverage - Currently Covered,Demographic
INSGAP,Health Insurance Coverage - Past 12 Months,Demographic
INSTYPE,Insurance Type (Revised),Health Service Access
BIRTHWT_VL,Birth Weight is Very Low (<1500g),Physical Characteristics
BIRTHWT_L,Birth Weight is Low (<2500g),Physical Characteristics
BIRTHWT,Birth Weight Status,Physical Characteristics
FPL_IF,Imputation Flag for FPL,Miscellaneous/Review
A1_GRADE_IF,Imputation Flag for A1_GRADE,Miscellaneous/Review
BIRTH_YR_F,BIRTH_YR Data Quality Flag,Miscellaneous/Review
SC_ASIAN,Asian Alone or in Combination with Other Race,Demographic
SC_AIAN,American Indian or Alaska Native Alone or in Combination with Other Race,Demographic
SC_NHPI,Native Hawaiian or Other Pacific Islanders Alone or in Combination with Other Race,Demographic
WEIGHT,Child's Weight (KG),Physical Characteristics
BMICLASS,"Body Mass Index, Percentile",Miscellaneous/Review
HHCOUNT_IF,Imputation Flag for HHCOUNT,Miscellaneous/Review
HIGRADE,Highest Level of Education among Reported Adults,Socioeconomic
HIGRADE_TVIS,"Highest Level of Education among Reported Adults, Detail",Socioeconomic
FPL_I1,"Family Poverty Ratio, First Implicate",Socioeconomic
FPL_I2,"Family Poverty Ratio, Second Implicate",Socioeconomic
FPL_I3,"Family Poverty Ratio, Third Implicate",Socioeconomic
FPL_I4,"Family Poverty Ratio, Fourth Implicate",Socioeconomic
FPL_I5,"Family Poverty Ratio, Fifth Implicate",Socioeconomic
FPL_I6,"Family Poverty Ratio, Sixth Implicate",Socioeconomic
FWC,Selected Child Weight,Physical Characteristics
hrsareg,HRSA Region,Miscellaneous/Review
age3_23,Age in 3 groups,Demographic
age5_23,U.S. children in 5 age groups,Demographic
sex_23,Sex of child,Demographic
hispanic_23,Hispanic origin of the child,Miscellaneous/Review
race4_23,Race and ethnicity distribution of the child population,Demographic
raceASIA_23,Race and ethnicity distribution of the child population,Demographic
race7_23,Race and ethnicity distribution of children in the US population,Demographic
PrntNativity_23,Generational status of the parents,Family/Community Context
HHLanguage_23,Primary language spoken in the household,Demographic
hisplang_23,Primary household language for Hispanic children,Demographic
famstruct5_23,Family structure of child's household,Family/Community Context
povlev4_23,"Income level based on family poverty level status, imputed",Socioeconomic
povSCHIP_23,"Income level based on family poverty level status (SCHIP), imputed",Socioeconomic
AdultEduc_23,Highest level of education of any adult in the household,Socioeconomic
BornUSA_23,Children who were born in the United States,Miscellaneous/Review
FamCount_23,Number of family members in the child's household,Family/Community Context
MilitarySt_23,Military status of adult(s) in the household,Family/Community Context
ChHlthSt_23,Indicator 1.1: Children's overall health status,Health Conditions
TeethCond_23,"Indicator 1.2: Overall condition of children's teeth, age 1-17 years",Demographic
OralProb_23,"Indicator 1.2a: Oral health problems: toothache, bleeding gums, and/or decayed teeth or cavities, age 1-17 years",Demographic
toothache_23,"Children who had toothache during the past 12 months, age 1-17 years",Demographic
gumbleed_23,"Children who had bleeding gums during the past 12 months, age 1-17 years",Demographic
cavities_23,"Children who had decayed teeth or cavities during the past 12 months, age 1-17 years",Demographic
BrstEver_23,"Indicator 1.3: Children who were ever breastfed or fed breast milk, age 0-5 years",Demographic
ExBrstFd_23,"Indicator 1.3a: Exclusively breastfed or given breast milk for first 6 months, age 6 months-5 years",Demographic
ExBrstfed6mto2y_23,"Indicator 1.3b: Exclusively breastfed or given breast milk for first 6 month, age 6 months - 2 years",Demographic
fruit_23,"Fruit consumption, age 1-5 years",Demographic
SugarDrink_23,"Sugary drink consumption, age 1-5 years",Demographic
vegetables_23,"Vegetable consumption, age 1-5 years",Demographic
BMI4_6to17_23,"Indicator 1.4: Weight status of children based on Body Mass Index (BMI)-for-age in four categories, 6-17 years",Demographic
BMI3_6to17_23,"Indicator 1.4a: Weight status of children based on Body Mass Index (BMI)-for-age in three categories, 6-17 years",Demographic
ToldOverweight_23,Indicator 1.4b: Children who ever told by a doctor or health professional that they have overweight,Health Service Access
MealSkip_23,"Children who engaged in skipping meals or fasting in the past 12 months, age 6-17 years",Demographic
LowInterest_23,"Children who had a low interest in food in the past 12 months, age 6-17 years",Demographic
PickyEat_23,"Children who engaged in extremely picky eating in the past 12 months, age 6-17 years",Demographic
binge_23,"Children who engaged in binge eating in the past 12 months, age 6-17 years",Demographic
purge_23,"Children who engaged in purging or vomiting after eating in the past 12 months, age 6-17 years",Demographic
DietPills_23,"Children who used diet pills, laxatives, or diuretics (water pills) to lose or maintain weight without a doctor’s orders, age 6-17 years",Demographic
OverExercise_23,"Children who engage in over-exercising in the past 12 months, age 6-17 years",Demographic
FearToEat_23,"Children who did not engage in eating due to fear of vomiting or choking in the past 12 months, age 6-17 years",Demographic
PrntCncrn_23,"Caregiver concerns about child’s eating- or body image-related behaviors in the past 12 months, age 6-17 years",Demographic
BodyImage_23,"Indicator 1.4c: Children concerned about body weight, shape, size in the past 12 months, age 6-17 years",Demographic
PhysAct_23,"Indicator 1.5 Children who are physically active at least 60 minutes per day, age 6-17 years",Demographic
OutdrsWkend_23,"Time spent outdoors on an average weekend day, age 3-5 years",Demographic
OutdrsWkDay_23,"Time spent outdoors on most weekdays, age 3-5 years",Demographic
WgtConcn_23,Indicator 1.6: Parental concern about their children's weight,Family/Community Context
LowBWght_23,"Indicator 1.7: Children who were born with a low birth weight, that is they weighed less than 2500 grams at birth",Physical Characteristics
VeryLBWght_23,"Indicator 1.7a: Children who were born with a low birth weight, that is they weighed less than 1500 grams at birth",Physical Characteristics
BornPre_23,"Indicator 1.8: Children who were born premature, that is more than 3 weeks before their due date",Physical Characteristics
CondCnt_23,Number of current health conditions reported from a list of 24,Health Conditions
Cond2more_23,Indicator 1.9: Number of current or lifelong health conditions reported from a list of 24 health conditions,Health Conditions
allergies_23,"Children who currently have allergies including food, drug, insect, seasonal, or other",Health Conditions
autoimmune_23,"Children who have autoimmune disease (such as Type 1 Diabetes, Celiac, or Juvenile Idiopathic Arthritis)",Health Conditions
asthma_23,Children currently have asthma,Health Conditions
BloodScr_23,"Children who have blood disorders (such as sickle cell disease, thalassemia, or hemophilia) identified through a blood test",Miscellaneous/Review
blood_23,"Children who have ever told that they have blood disorders (such as sickle cell disease, thalassemia, or hemophilia)",Miscellaneous/Review
palsy_23,Children who currently have cerebral palsy,Miscellaneous/Review
CystFibScr_23,Children who have cystic fibrosis identified through a blood test,Miscellaneous/Review
CystFib_23,Children who have cystic fibrosis,Miscellaneous/Review
Type2diabetes_23,Children who currently have Type 2 diabetes,Health Conditions
DownSynd_23,Children who have Down Syndrome,Miscellaneous/Review
FASD_23,Children who ever told by a doctor or other health care provider that the child has Fetal Alcohol Spectrum Disorder (FASD),Health Service Access
seizure_23,Children who currently have epilepsy or seizure disorder,Health Conditions
heart_23,Children who currently have a heart condition,Miscellaneous/Review
headache_23,"Children who currently have frequent or severe headache including migraine, age 3-17 years",Demographic
tourette_23,"Children who currently have Tourette Syndrome, age 3-17 years",Demographic
anxiety_23,"Children who currently have anxiety problems, age 3-17 years",Demographic
depress_23,"Children who currently have depression, age 3-17 years",Demographic
behavior_23,"Children who currently have behavioral or conduct problems, age 3-17 years",Demographic
DevDelay_23,"Children who currently have developmental delay, age 3-17 years",Demographic
IntDisab_23,"Children who currently have intellectual disability or mental retardation, age 3-17 years",Demographic
speech_23,"Children who currently have speech or other language disorder, age 3-17 years",Demographic
learning_23,"Children who currently have a learning disability, age 3-17 years",Demographic
autism_23,"Children who currently have autism or autism spectrum disorder including Asperger's Disorder, pervasive developmental disorder, age 3-17 years",Demographic
ADHD_23,"Children who currently have Attention Deficit Disorder (ADD) or Attention-Deficit Hyperactivity Disorder (ADHD), age 3-17 years",Demographic
hearing_23,Children who have deafness or problems with hearing,Miscellaneous/Review
vision_23,"Children who have blindness or problems with seeing, even when wearing glasses",Miscellaneous/Review
BrainInjTold_23,Children who were told by a doctor or other health care provider that the child has a concussion or brain injury,Health Service Access
HeartBorn_23, Children who were born with a congenital heart condition,Miscellaneous/Review
AllerSev_23,"Parent-rated severity of child's current allergies including food, drug, insect, or other",Family/Community Context
AsthmSev_23,Parent-rated severity of child's current asthma,Family/Community Context
AutoimmuneSev_23,"Parent-rated severity of autoimmune disease (such as Type 1 Diabetes, Celiac, or Juvenile Idiopathic Arthritis)",Family/Community Context
BloodSev_23,"Parent-rated severity of child's blood disorders (such as sickle cell disease, thalassemia, or hemophilia)",Family/Community Context
PalsySev_23,Parent-rated severity of child's current cerebral palsy,Family/Community Context
Type2DiabetSev_23,Parent-rated severity of child's current diabetes,Family/Community Context
SeizSev_23,Parent-rated severity of child's current epilepsy or seizure disorder,Family/Community Context
HeartSev_23,Parent-rated severity of child's current heart condition,Family/Community Context
HeadSev_23,"Parent-rated severity of current frequent or severe headaches including migraine, age 3-17 years",Demographic
TouretSev_23,"Parent-rated severity of child's current Tourette Syndrome, age 3-17 years",Demographic
AnxietSev_23,"Parent-rated severity of child's current anxiety, age 3-17 years",Demographic
DepresSev_23,"Parent-rated severity of child's current depression, age 3-17 years",Demographic
BehavSev_23,"Parent-rated severity of child's current behavioral or conduct problems, age 3-17 years",Demographic
DevDelSev_23,"Parent-rated severity of child's developmental delay, age 3-17 years",Demographic
IntDisSev_23,"Parent-rated severity of child's current intellectual disability, age 3-17 years",Demographic
SpeechSev_23,"Parent-rated severity of child's current speech or other language disorder, age 3-17 years",Demographic
LearnSev_23,"Parent-rated severity of child's current learning disability, age 3-17 years",Demographic
AutismSev_23,"Parent-rated severity of child's current Autism/ASD, age 3-17 years",Demographic
ADHDSev_23,"Parent-rated severity of child's current ADD/ADHD, age 3-17 years",Demographic
cntdiff,Number of functional difficulties reported from list of 12 different difficulties asked in the survey,Administrative/Survey Design
Diff2more_23,Indicator 1.10: Number of functional difficulties reported from a list of 12 difficulties,Miscellaneous/Review
DiffBreath_23,Children who have experienced frequent or chronic difficulty with breathing or other respiratory problems (such as wheezing or shortness of breath) in the past 12 months,Health Conditions
DiffSwall_23,Children who have had frequent or chronic difficulty with eating or swallowing in the past 12 months,Health Conditions
DiffDigest_23,"Children who have had frequent or chronic difficulty with digesting food, including stomach/intestinal problems, constipation, or diarrhea in the past 12 months",Health Conditions
DiffPain_23,"Children who have had frequent or chronic difficulty with repeated or chronic physical pain, including headaches or other back or body pain in the past 12 months",Health Conditions
DiffHands_23,"Children who have had frequent or chronic difficulty using their hands in the past 12 months, age 0-5 years",Demographic
DiffCoor_23,"Children who have had frequent or chronic difficulty with coordination or moving around in the past 12 month, age 0-5 years",Demographic
DiffMem_23,"Children who have serious difficulty concentrating, remembering, or making decisions because of a physical, mental, or emotional condition, age 6-17 years",Demographic
DiffWalk_23,"Children who have serious difficulty walking or climbing stairs, age 6-17 years",Demographic
DiffDress_23,"Children who have difficulty dressing or bathing, age 6-17 years",Demographic
DiffErrand_23,"Children who have difficulty doing errands alone, such as visiting a doctor’s office or shopping, because of a physical, mental, or emotional condition, age 12-17 years",Demographic
qualnum4_23,Number of CSHCN Screener criteria CSHCN met,Miscellaneous/Review
CSHCN_23,Indicator 1.11: Children with special health care needs,Health Service Access
rxmeds_23,Children qualifying on the CSHCN Screener prescription medication criteria,Miscellaneous/Review
serve_23,Children qualifying on the CSHCN Screener for elevated use of services criteria,Miscellaneous/Review
func_23,Children qualifying on the CSHCN Screener functional limitations criteria,Miscellaneous/Review
therapy_23,Children qualifying on the CSHCN Screener specialized therapy criteria,Miscellaneous/Review
mhealth_23,"Children qualifying on the CSHCN Screener ongoing emotional, developmental or behavioral criteria for which treatment or counseling is needed",Behavioral/Developmental
mhneeds_23,"Children with special health care needs who have ongoing emotional, behavioral or developmental issues for which treatment or counseling is needed",Behavioral/Developmental
CSHCNtype_23,Children with specific types of special health care needs based on CSHCN screening criteria,Health Service Access
CSHCNComplex_23,Complexity of health care needs,Health Service Access
CSHCNExpanded_23,Children who meet the expanded criteria for special health care needs,Health Service Access
CSHCNComplexExp_23,Complexity of special health care needs (expanded CSHCN criteria),Health Service Access
DailyAct_23,Indicator 1.12: Children whose health conditions consistently and often greatly affect their daily activities during the past 12 months among children who have any condition,Health Conditions
bully_23,"Indicator 2.1: Children who bullied others, picked on them or excluded them during the past 12 months, age 6-17 years",Demographic
bullied_23,"Indicator 2.2: Children who are bullied, picked on, or excluded by other children during the past 12 months, age 6-17 years",Demographic
flrsh0to5ct,"Count of always/usually responses to flourishing items, age 6 months-5 years",Demographic
flrish0to5_23,"Indicator 2.3: Flourishing for young children, age 6 months-5 years",Demographic
tender_23,"Children are affectionate and tender with parent, age 6 months-5 years",Demographic
resil0to5_23,"Children who bounce back quickly when things don't go their way, age 6 months-5 years",Demographic
curious0to5_23,"Children who show interest and curiosity in learning new things, age 6 months-5 years",Demographic
smile_23,"Children who smile and laugh, age 6 months-5 years",Demographic
flrsh6to17ct,"Count of always/usually responses to flourishing Items, age 6-17 years",Demographic
flrish6to17_23,"Indicator 2.4: Flourishing for children and adolescents, age 6-17 years",Demographic
curious6to17_23,"Children who show interest and curiosity in learning new things, age 6-17 years",Demographic
finishes_23,"Children who work to finish the tasks they start, age 6-17 years",Demographic
resil6to17_23,"Children who stay calm and in control when faced with a challenge, age 6-17 years",Demographic
flourish6mto17_23,"Child flourishing, age 6 months-17 years",Demographic
argue_23,"Indicator 2.5: Children who argue too much, age 6-17 years",Demographic
MakeFriend_23,"Indicator 2.6: Difficulties making or keeping friends, age 6-17 years",Demographic
ADHDind_23,"Indicator 2.7: Children who currently have Attention Deficit Disorder (ADD) or Attention-Deficit Hyperactivity Disorder (ADHD), age 3-17 years",Demographic
ADHDSevInd_23,"Indicator 2.7a: Parent-rated severity of current ADD/ADHD, age 3-17 years",Demographic
ADHDMed_23,"Indicator 2.7b: Children currently taking medication for ADD/ADHD, age 3-17 years",Demographic
ADHDBehTreat_23,"Indicator 2.7c: Received behavioral treatment for ADD/ADHD, age 3-17 years",Demographic
AutismInd_23,"Indicator 2.8: Children who currently have autism or autism spectrum disorder including Asperger's Disorder, pervasive developmental disorder, age 3-17 years",Demographic
ASDSevInd_23,"Indicator 2.8a: Parent-rated severity of current autism or autism spectrum disorder, age 3-17 years",Demographic
ASDMed_23,"Indicator 2.8b: Children currently taking medication for autism, ASD, Asperger's Disorder or PDD, age 3-17 years",Demographic
ASDBehTreat_23,"Indicator 2.8c: Received behavioral treatment for autism, ASD, Asperger's Disorder or PDD, age 3-17 years",Demographic
ASDAge_23,"Indicator 2.8d: Age of diagnosis for autism or ASD, age 3-17 years",Demographic
ASDDrType_23,"Indicator 2.8e: Type of doctor or other health care provider who was the first to tell that this child had autism, ASD, Asperger’s Disorder or PDD, age 3-17 years",Demographic
MedEmotion_23,"Indicator 2.9: Children who are taking medication for ADD/ADHD, ASD, difficulties with emotions, concentration, or behavior, age 3-17 years",Demographic
MEDB10ScrQ5_23,"Indicator 2.10: Children with mental, emotional, developmental or behavioral problems, age 3-17 years",Demographic
CurrIns_23,Indicator 3.1: Current health insurance status at time of survey,Health Service Access
InsGap_23,Indicator 3.2: Children who had consistent health insurance coverage during the past 12 months,Demographic
instype_23,Indicator 3.3: Type of health insurance at time of the survey,Health Service Access
InsAdeq_23,Indicator 3.4: Adequacy of current insurance coverage,Demographic
benefits_23,Current insurance benefits meets child's health needs,Health Service Access
allows_23,Current insurance coverage allows child to see needed providers,Demographic
expense_23,Current insurance out-of-pocket costs are reasonable,Health Service Access
insurance_23,Indicator 3.4a: Adequate and continuous insurance,Health Service Access
OutOfPckt_23,"Indicator 3.6: Out-of-pocket costs for child's health care including medical, dental and vision care during the past 12 months",Health Service Access
MedCare_23,Indicator 4.1: Children who received any type of medical care during the past 12 months,Health Service Access
VideoPhone_23,Children who received any type of medical care by phone or video during the past 12 months,Health Service Access
PrevMed_23,Indicator 4.1a: Children who had one or more preventive medical care visits during past 12 months,Health Service Access
VisitTime_23,Indicator 4.1b: Time with doctor during last preventive check-up,Health Service Access
PrivateTalk_23,"Indicator 4.1c: Children whose doctors spoke with them privately without an adult in the room during last medical care visit, age 12-17 years",Demographic
DentCare_23,"Indicator 4.2: Children who received any type of dental or oral health care during the past 12 months, age 1-17 years",Demographic
DentCare2_23,"Children who received any type of dental or oral health care during the past 12 months, age 1-17 years",Demographic
PrevDent_23,"Indicator 4.2a: Children who had one or more preventive dental care visits during the past 12 months, age 1-17 years",Demographic
DentCheck_23,"Children who had dental check up visits during the past 12 months, age 1-17 years",Demographic
DentCleaning_23,"Children who had dental cleaning during the past 12 months, age 1-17 years",Demographic
DentInstruct_23,"Children who had dental instruction during the past 12 months, age 1-17 years",Demographic
DentXray_23,"Children who had dental X-ray during the past 12 months, age 1-17 years",Demographic
fluoride_23,"Children who had fluoride treatment during the past 12 months, age 1-17 years",Demographic
sealant_23,"Children who had sealant during the past 12 months, age 1-17 years",Demographic
MedDentCare_23,Indicator 4.3: Children received both preventive medical and dental care visits in past 12 months,Health Service Access
MentHCare_23,"Indicator 4.4: Children who received needed treatment or counseling from a mental health professional during the past 12 months, age 3-17 years",Demographic
MentHDiff_23,"Indicator 4.4a: Difficulties obtaining mental health care among those who received or needed care during the past 12 months, age 3-17 years",Demographic
SpecCare_23,Indicator 4.5: Received care from a specialist doctor other than a mental health professional during the past 12 months,Behavioral/Developmental
SpCareDiff_23,Indicator 4.5a: Difficulties obtaining specialist care among those who received or needed a specialist care during the past 12 months,Health Service Access
EyeDoctor_23,Indicator 4.6a: Children who saw and eye doctor ever (0-5 years)/during the past 2 years (6-17 years),Health Service Access
EyeExam_23,Received eye examination from an eye doctor ever (0-5 years)/during the past 2 years (6-17 years),Health Service Access
EyeGlassContact_23,Received prescription for eyeglasses or contact lenses from an eye doctor ever (0-5 years)/during the past 2 years (6-17 years),Health Service Access
VisionDisorder_23,"Children who were diagnosed to have a vision disorder other than nearsighted, farsighted, or astigmatism by an eye doctor even (0-5 years)/during the past 2 years (6-17 years)",Health Service Access
VisnScrnOther_23,Indicator 4.6b: Children who received a vision screening from a provider other than an eye doctor ever (0-5 years)/during the past 2 years (6-17 years),Health Service Access
RecEyeExam_23,Recommended for an eye examination or additional vision service as a result of the vision screening,Miscellaneous/Review
ERVisit_23,Indicator 4.7: Number of hospital emergency room visits for any health reason in the past 12 months,Health Service Access
HospitalStay_23,Indicator 4.7a: Children who were admitted to the hospital to stay at least one night,Miscellaneous/Review
DrAskConc_23,"Indicator 4.9: Doctor asked about parental concerns about the child's learning, development, or behavior, age 0-5 years",Demographic
DevScrnng_23,"Indicator 4.10: Children who received a developmental screening using a parent-completed screening tool, age 9-35 months",Demographic
SpecServ_23,"Indicator 4.11: Children currently receive special services  to meet child’s developmental needs such as speech, occupational or behavioral therapy",Behavioral/Developmental
SpSerAge_23,"Indicator 4.11a: Age start receiving special services to meet child’s developmental needs such as speech, occupational or behavioral therapy",Demographic
MedHome_23,"Indicator 4.12: Children receiving coordinated, ongoing, comprehensive care within a medical home",Family/Community Context
PerDrNs_23,Indicator 4.12a: Medical Home Component: Children with a personal doctor or nurse,Family/Community Context
UsualSck_23,Indicator 4.12b: Medical Home Component: Usual source for sick care,Family/Community Context
FamCent_23,Indicator 4.12c: Medical Home Component: Children who received family-centered care,Family/Community Context
time_23,Doctors spent enough time with children,Health Service Access
listen_23,Doctors listened carefully to children's parents,Family/Community Context
sensitiv_23,Doctors showed sensitivity to children's family's values and customs,Family/Community Context
info_23,Doctors provided information specific to parents' concerns,Family/Community Context
partner_23,Doctors helped parents to feel like partners in child's care,Family/Community Context
NoRefPrb_23,Indicator 4.12d: Medical Home Component: Difficulties getting referrals to see any doctors or receive any services,Family/Community Context
NoRefPrb2_23,"Indicator 4.12d: Medical Home Component: Difficulties getting needed referrals, among who needed",Family/Community Context
CareCoor_23,"Indicator 4.12e: Medical Home Component: Effective care coordination, all children",Family/Community Context
CareCoorR_23,"Indicator 4.12e: Medical Home Component: Effective care coordination, among who needed",Family/Community Context
HelpCoord_23,"Family got help with coordinating child's health care in the past 12 months, among those who needed",Family/Community Context
ExtraHelp_23,Family needed extra help to coordinate child's health care,Family/Community Context
AllExtraHelp_23,Children whose family got help with care coordination they wanted,Family/Community Context
OtherComm_23,"Health care provider communicate with child’s school, child care provider, or special education program",Socioeconomic
SatOthComm_23,"Satisfaction with communication among child’s doctors and school, child care provider, or special education program",Socioeconomic
DrCommR_23,Satisfaction with communication among child’s doctor and other health care providers,Health Service Access
ShareDec_23,Indicator 4.14: Children whose families are partners in shared decision-making for their optimal health,Miscellaneous/Review
DiscussOpt_23,Doctors discussed range of health care/treatment options,Health Service Access
RaiseConc_23,Doctors made it easy for parents to raise concerns or disagree with recommendations,Family/Community Context
BestChoice_23,Doctors worked with parents to decide together health care/treatment options,Family/Community Context
Transition_23,"Indicator 4.15: Youth received necessary services for transition to adulthood, age 12-17 years",Demographic
TimeAlone_23,"Children who had time alone with health care provider at last medical care visit, age 12-17 years",Demographic
ActiveWork_23,"Provider worked with child to gain skills to manage health/health care or understand health care changes at age 18, age 12-17 years",Demographic
TrtAdult_23,"Provider discussed shift to adult health care providers if needed, age 12-17 years",Demographic
ChngeAge_23,Doctors worked with youth age 12-17 years to understand their health care changes that happen at age 18,Demographic
PosChoice_23,"Doctor or health care provider actively worked with the child to make positive choices about his/her health, age 12-17 years",Demographic
GainSkill_23,"Doctor or health care provider actively worked with the child to gain skills to manage his/her health and health care, age 12-17 years",Demographic
PlanCare_23,"Youth currently has a plan of care to meet his/her health goals and needs, age 12-17 years",Demographic
PlanAccess_23,"Youth has access to the plan of care, age 12-17 years",Demographic
PlanNeeds_23,"The plan of care addresses transition to adult health care provider, age 12-17 years",Demographic
MedHistory_23,"Youth received a summary of his/her medical history, age 12-17 years",Demographic
InsNeeds_23,"Youth whose caregiver have had someone discuss how to obtain or keep health insurance coverage into adulthood, age 12-17 years",Demographic
SystCare2_23,Indicator 4.17: Children received care in a well-functioning system,Health Service Access
sys0to11care2_23,"Children received care in a well-functioning system, age 0-11 years",Demographic
sys12to17care2_23,"Children received care in a well-functioning system, age 12-17 years",Demographic
ForgoneCare_23,Indicator 4.18: Children who were not able to receive needed health care in the past year,Health Service Access
ForgoneMed_23,Children who were not able to receive needed medical care during the past 12 months,Health Service Access
ForgoneDent_23,Children who were not able to receive needed dental care during the past 12 months,Health Service Access
ForgoneVis_23,Children who were not able to receive needed vision care during the past 12 months,Health Service Access
ForgoneHear_23,Children who were not able to receive needed hearing care during the past 12 months,Health Service Access
ForgoneMH_23,"Children who were not able to receive needed mental health services during the past 12 months, age 3-17 years",Demographic
ineligible_23,Children who were not able to receive needed health care because child was not eligible,Health Service Access
unavailable_23,Children who were not able to receive needed health care because the service this child needed was not available in their area,Health Service Access
appointment_23,Children who were not able to receive needed health care because there were problems getting an appointment,Health Service Access
transport_23,Children who were not able to receive needed health care because there were problems with getting transportation or child care,Health Service Access
NotOpen_23,Children who were not able to receive needed health care because the office was not open when the child needed care,Health Service Access
CostIssue_23,Children who were not able to receive needed health care due to cost,Health Service Access
MedBills_23,Indicator 4.19: Family had problems paying for child's medical or health care bills during the past 12 months,Family/Community Context
frustrated_23,Indicator 4.20: Family often frustrated in efforts to get services for their children during the past 12 months,Family/Community Context
FASDeval_23,Indicator 4.21: Children who received evaluation for Fetal Alcohol Spectrum Disorder,Miscellaneous/Review
SpEducPln_23,"Indicator 5.1: Children currently receive a special education or early intervention plan, age 1-17 years",Socioeconomic
SpEdAge_23,"Indicator 5.1a: Age started special education or early intervention plan, age 1-17 years",Socioeconomic
SchlEngage_23,"Indicator 5.2: School engagement, age 6-17 years",Demographic
cares_23,"Children who care about doing well in school, age 6-17 years",Demographic
homework_23,"Children who do all required homework, age 6-17 years",Demographic
grades6to11_23,"Indicator 5.2a: Child’s grades, age 6-11 years",Demographic
grades12to17_23,"Indicator 5.2b: Child’s grades, age 12-17 years",Demographic
ReptGrade_23,"Indicator 5.3: Repeated one or more grades in school, age 6-17 years",Demographic
SchlMiss_23,"Indicator 5.4: Missed school days, age 6-17 years",Demographic
AftSchAct_23,"Indicator 5.5: Children participate in organized activities outside school, age 6-17 years",Demographic
sports_23,"Children participated in sports teams or sports lessons after school or on weekends, age 6-17 years",Demographic
clubs_23,"Children participated in clubs or organizations after school or on weekends, age 6-17 years",Demographic
lessons_23,"Children participated in any other organized activities or lessons, such as music, dance, language or other arts, age 6-17 years",Demographic
EventPart_23,"Indicator 5.6: Parents participated in child’s event or activities, age 6-17 years",Demographic
volunteer_23,"Indicator 5.7: Children participated in community service or volunteer work, age 6-17 years",Demographic
workpay_23,"Indicator 5.8: Work for pay outside home including regular jobs as well as babysitting, cutting grass, or other occasional work, age 12-17 years, 12-17 years",Demographic
mentor_23,"Indicator 5.9: Children have at least one adult mentors, age 6-17 years",Demographic
SchoolReadiness_23,"Indicator 5.11: School readiness, age 3-5 years",Demographic
EL_domain_23,School Readiness: Early Learning Skills domain,Miscellaneous/Review
RecogBegin_23,"Child can recognize beginning sound of a word, age 3-5 years",Demographic
SameSound_23,"Child can come up with words starting with the same sound, age 3-5 years",Demographic
WriteName_23,"Child can write first name even if some letters aren't quite right or are backwards, age 3-5 years",Demographic
ReadOneDigit_23,"Child can read one-digit numbers, age 3-5 years",Demographic
SimpleAddition_23,"Child can do simple addition, age 3-5 years",Demographic
GroupOfObjects_23,"Child can tell which group of objects has more, age 3-5 years",Demographic
CountToR_23,"Child can count correctly when asked to count objects, age 3-5 years",Demographic
RecogLetter_23,"Child can recognize letters of alphabet, age 3-5 years",Demographic
RhymeWordR_23,"Child can rhyme words, age 3-5 years",Demographic
SE_domain_23,School Readiness: Social Emotional Development domain,Behavioral/Developmental
ClearExp_23,"Child can explain things child has seen or done, age 3-5 years",Demographic
FocusOn_23,"Child can focus on tasks or chores for at least a few minutes, age 3-5 years",Demographic
NameEmotions_23,"Child can recognize and name their own emotions, age 3-5 years",Demographic
PlayWell_23,"Child plays well with other children, age 3-17 years",Demographic
HurtSad_23,"Child shows concern when they see others are hurt or unhappy, age 3-5 years",Demographic
ShareToys_23,"Child shares toys or games with other children, age 3-5 years",Demographic
SR_domain_23,School Readiness: Self-Regulation domain,Miscellaneous/Review
StartNewAct_23,"Child has difficulty when asked to end one activity and start a new activity, age 3-5 years",Demographic
temperR_23,"Child who lose their temper, 3-5 years",Miscellaneous/Review
distracted_23,"Child is easily distracted , age 3-5 years",Demographic
CalmDownR_23,"Child has trouble calming down, age 3-5 years",Demographic
WaitForTurn_23,"Child has difficulty waiting for their turn, age 3-5 years",Demographic
M_domain_23,School Readiness: Motor Development domain,Miscellaneous/Review
BounceBall_23,"Child can bounce a ball for several seconds, age 3-5 years",Demographic
DrawCircle_23,"Child can draw a circle, age 3-5 years",Demographic
DrawFace_23,"Child can draw a face with eyes and mouth, age 3-5 years",Demographic
DrawPerson_23,"Child can draw a person with a head, body, arms, and legs, age 3-5 years",Demographic
H_domain_23,School Readiness: Health domain,Miscellaneous/Review
ChHlthSt3to5_23,"Children's overall health status, age 3-5 years",Demographic
TeethCond3to5_23,"Overall condition of children's teeth, age 3-5 years",Demographic
DailyAct3to5_23,"Children whose health conditions consistently and often greatly affect their daily activities, age 3-5 years",Demographic
HardWork_23,"Child can keep working on a task even when it is hard for them, age 3-5 years",Demographic
OneWord_23,"Children who are able to say at least one word, such as 'hi' or 'dog', age 1-5 years",Demographic
TwoWords_23,"Children who are able to use 2 words together, such as 'car go', age 1-5 years",Demographic
ThreeWords_23,"Children who are able to use 3 words together in a sentence, such as, 'Mommy come now.', age 1-5 years",Demographic
AskQuest1_23,"Children who are able to ask questions like 'who,' 'what,' 'when,' 'where', age 1-5 years",Demographic
AskQuest2_23,"Children who are able to ask questions like 'why' and 'how', age 1-5 years",Demographic
TellStory_23,"Child is able to tell a story with a beginning, middle, and end, age 1-5 years",Demographic
understand_23,"Children who are able to understand the meaning of the word 'no', age 1-5 years",Demographic
directions_23,"Children who are able to follow a verbal direction without hand gestures, such as 'Wash your hands.', age 1-5 years",Demographic
point_23,"Children who are able to point to things in a book when asked, age 1-5 years",Demographic
TwoStepDirec_23,"Children who are able to follow 2-step directions, such as 'Get your shoes and put them in the basket.', age 1-5 years",Demographic
Understand2_23,"Children who are able to understand words such as 'in,' 'on,' and 'under', age 1-5 years",Demographic
MothPhyH_23,Indicator 6.1: Physical health status of child's mother,Health Conditions
FathPhyH_23,Indicator 6.1a: Physical health status of child's father,Health Conditions
MotherMH_23,Indicator 6.2: Mental health status of child’s mother,Behavioral/Developmental
FatherMH_23,Indicator 6.2a: Mental health status of child's father,Behavioral/Developmental
MotherHSt_23,Indicator 6.3: Overall physical and mental health status of children's mothers,Behavioral/Developmental
FatherHSt_23,Indicator 6.3a: Overall physical and mental health status of children's fathers,Behavioral/Developmental
smoking_23,Indicator 6.4: Tobacco use in household,Family/Community Context
SmkInside_23,Indicator 6.4a: Someone smokes inside the home,Family/Community Context
vape_23,Indicator 6.4b: Someone uses e-cigarettes or vapes in home,Family/Community Context
EmploymentSt_23,Indicator 6.5: Caregivers(s) employment status,Socioeconomic
WrkngPoorR_23,Indicator 6.5a: Children living in 'working poor' family (full-time or part time employed parents with family income <100% of poverty),Socioeconomic
ShareIdeas_23,"Indicator 6.6: How well children share ideas or talk about things that really matter with their parents, age 6-17 years",Demographic
readto_23,"Indicator 6.7: Number of days children were read aloud to during the past week, age 0-5 years",Demographic
SingStory_23,"Indicator 6.8: Number of days children were sung to or told stories to during past week, age 0-5 years",Demographic
MealTogether_23,"Indicator 6.9: Number of days family eats a meal together, children ages 0-17 years",Demographic
ScreenTime_23,"Indicator 6.10: Time spent in front of a TV, computer, cellphone or other electronic device watching programs, playing games, accessing the internet or using social media, not including schoolwork on most weekdays",Behavioral/Developmental
CtFamRes_23,Count of all of time and most of time responses,Miscellaneous/Review
FamResilience_23,Indicator 6.12: Family flourishing composite measure,Behavioral/Developmental
TalkAbout_23,Family members talk together about what to do when the family faces problems,Family/Community Context
WrkToSolve_23,Family members work together to solve the problem when the family faces problems,Family/Community Context
strengths_23,Family members know we have strengths to draw on when the family faces problems,Family/Community Context
hopeful_23,Family members stay hopeful even in difficult times when the family faces problems,Family/Community Context
ACEct_23,"Number of adverse childhood experiences, of 10 asked about",Miscellaneous/Review
ACE2more_23,"Indicator 6.13: Children experienced two or more adverse childhood experiences, of 10 items asked about",Miscellaneous/Review
ACEincome_23,"Adverse childhood experience: hard to cover the basics, like food or housing, on family's income",Socioeconomic
ACEincome2_23,How often has it been hard to get by on your family's income - hard to cover basics like food or housing since the child was born?,Socioeconomic
ACEdivorce_23,Adverse childhood experience: child's parent or guardian divorced or separated,Family/Community Context
ACEdeath_23,Adverse childhood experience: child's parent or guardian died,Family/Community Context
ACEjail_23,Adverse childhood experience: child's parent or guardian served time in jail,Family/Community Context
ACEdomviol_23,Adverse childhood experience: child witnessed domestic violence,Miscellaneous/Review
ACEneighviol_23,Adverse childhood experience: child was victim or witness of neighborhood violence,Family/Community Context
ACEmhealth_23,"Adverse childhood experience: child lived with anyone who was mentally ill, suicidal, or severely depressed",Miscellaneous/Review
ACEdrug_23,Adverse childhood experience: child lived with anyone who had a problem with alcohol or drugs,Miscellaneous/Review
ACEdiscrim_23,Adverse childhood experience: child was treated or judged unfairly because of their race or ethnic group,Demographic
ACEHealthDiscrim_23,Adverse childhood experience: child was treated or judged unfairly because of their health condition or disability status,Miscellaneous/Review
ACE6ctHH_23,Number of household-based adverse childhood experiences based on 6 household items,Family/Community Context
ACE2more6HH_23,Children experienced one or more household-based adverse childhood experiences,Family/Community Context
ACEctComm_23,Number of community-based adverse childhood experiences,Miscellaneous/Review
ACE1moreComm_23,Children experienced one or more community-based adverse childhood experiences,Miscellaneous/Review
ParAggrav_23,Indicator 6.14: Children whose parents who felt stress from parenting during the past month,Family/Community Context
DiffCare_23,Parent felt child is much harder to care for than most children during the past month,Family/Community Context
bother_23,Parent felt that their child does things that bother them during the past month,Family/Community Context
angry_23,Parent felt angry with child  during the past month,Family/Community Context
EmSupport_23,Indicator 6.15: Children living with parents who have someone that they could turn to for day-to-day emotional support with parenting or raising children,Behavioral/Developmental
ParCoping_23,Indicator 6.16: Coping with day-to-day demands of raising children,Miscellaneous/Review
JobChange_23,"Indicator 6.17: Children whose family members had to quit a job, not take a job, or greatly change their job because of problems with child care, age 0-5 years",Demographic
StopCutWork_23,"Indicator 6.18: Children whose family members left a job, took a leave of absence or cut back hours due to child's health",Family/Community Context
AvoidChng_23,Indicator 6.19: Children whose family member(s) avoided changing jobs because of concerns about maintaining health insurance,Family/Community Context
HomeCare_23,Indicator 6.20a: Number of hours spent providing health care at home for child in an average week,Demographic
TimeCoord_23,Indicator 6.20b: Number of hours spent coordinating health care for child in an average week,Demographic
BedTime_23,Indicator 6.24: Go to bed at the same time on weeknights,Miscellaneous/Review
HrsSleep_23,"Indicator 6.25: Child slept recommended age-appropriate hours during an average day/on most weeknights, age 4 months - 17",Demographic
FoodSit_23,Indicator 6.26: Food situation in child's household in the past 12 months,Family/Community Context
FoodCash2_23,Indicator 6.27: Received food or cash assistance during the past 12 months,Miscellaneous/Review
FoodCash_23,Indicator 6.27: Someone in the family received food or cash assistance at any time during the past 12 months,Family/Community Context
WIC_23,Someone in the family received benefits from the WIC Program at any time during the past 12 months,Family/Community Context
CashAss_23,Someone in the family received cash assistance from government at any time during the past 12 months,Family/Community Context
FoodStamp_23,Someone in the family received Food Stamps or Supplemental Nutrition Assistance Program benefits at any time during the past 12 months,Family/Community Context
MealFree_23,Someone in the family received free or reduced-cost breakfasts or lunches at school at any time during the past 12 months,Family/Community Context
EBTCards_23,"Someone in the family received school meal debit/Electronic Benefits Transfer (EBT) cards, even for one month, at any time during the past 12 months",Family/Community Context
SSI_23,Indicator 6.28: Children who receive Supplemental Security Income,Socioeconomic
SSIDisability_23,Indicator 6.28a: Children who receive Supplemental Security Income for a disability they have - 3 categories,Socioeconomic
HousingInstab_23,Indicator 6.29: Children who experienced housing instability in the past year,Miscellaneous/Review
MissRentMortgage_23,Children whose family was not able to pay the mortgage or rent on time,Demographic
PlacesLived_23,Number of places child has lived in the past 12 months,Miscellaneous/Review
EverHomeless_23,Children who ever experienced homelessness or lived in a shelter since they were born,Family/Community Context
HomeEvic_23,"Indicator 6.30: Children live in the family that worried or stressed about being evicted, foreclosed on, having their house condemned in the past 12 months",Family/Community Context
NbhdSupp_23,Indicator 7.1: Children who live in supportive neighborhood,Family/Community Context
NbhdSafe_23,Indicator 7.2: Children live in safe neighborhoods,Family/Community Context
SchlSafe_23,"Indicator 7.3: Safe schools, age 6-17 years",Demographic
NbhdAmenities_23,Indicator 7.4: Count of amenities in children's neighborhoods,Family/Community Context
SideWlks_23,Children who live in neighborhoods with sidewalks or walking paths,Family/Community Context
park_23,Children who live in neighborhoods with a park or playground,Family/Community Context
RecCentr_23,"Children who live in neighborhoods with recreation center, community center or boys’ and girls’ club",Family/Community Context
library_23,Children who live in neighborhoods with a library or bookmobile,Family/Community Context
NbhdDetract_23,Indicator 7.5: Presence of detracting neighborhood elements in the neighborhood,Family/Community Context
litter_23,Children who live in neighborhoods with litter or garbage on the street or sidewalk,Demographic
housing_23,Children who live in neighborhoods with poorly kept or rundown housing,Family/Community Context
vandal_23,Children who live in neighborhoods with vandalism such as broken windows or graffiti,Family/Community Context
MedRiskct_23,"Count of medical health risks - 4 components, age 0-17 years",Demographic
MedRisk2more_23,Children who met 2 or more medical health risks from 4 risk components,Health Service Access
MedRisk1more_23,Children who met 1 or more medical health risks from 4 risk components,Health Service Access
SocRiskct_23,"Count of social health risks - 4 components, - at least 2 valid responses from 4 items",Behavioral/Developmental
SocRisk2more_23,"Children who experience 2 or more social health risks from 4 risk components, among children who have at least 2 valid responses from 4 items",Behavioral/Developmental
SocRisk1more_23,"Children who experience 1 or more social health risks from 4 risk components, among children who have at least 2 valid responses from 4 items",Behavioral/Developmental
RelHlthRiskct_23,Number of relational health risks- among children who have at least 2 valid responses from 4 items,Miscellaneous/Review
RelHlthRisk2more_23,"Children who experience 2 or more relational health risks from 4 risk components, among children who have at least 2 valid responses from 4 items",Miscellaneous/Review
RelHlthRisk1more_23,"Children who experience 1 or more relational health risks from 4 risk components, among children who have at least 2 valid responses from 4 items",Miscellaneous/Review
WCRIdomains_23,"Whole Child Risk Index: number of risk domains - 3 domains: medical, social health and relational health risks",Behavioral/Developmental
RiskCombo_23,"Combination of Whole Child Risk Index domains - medical, social and relational health risks",Behavioral/Developmental
npmExBrstfed6mto2y_23,"NPM: Percent of children, ages 6 months through 2 years, who were breastfed exclusively for 6 months",Demographic
npmHousingInstab_23,"NPM: Percent of children, ages 0 through 11, who experienced housing instability in the past year",Demographic
npmDevScrnng_23,"NPM: Percent of children, ages 9 through 35 months, who received a developmental screening using a parent-completed screening tool in the past year",Demographic
npmPrevDent1to17_23,"NPM: Percent of children, ages 1 through 17, who had a preventive dental visit in the past year",Demographic
npmPhysAct6to11_23,"NPM: Percent of children, ages 6 through 11, who are physically active at least 60 minutes per day",Demographic
npmFoodSit0to11_23,"NPM: Percent of children, ages 0 through 11, whose households were food sufficient in the past year",Demographic
npmPrevMed12to17_23,"NPM: Percent of adolescents, ages 12 through 17 years, with a preventive medical visit in the past year",Demographic
npmMentHTx12to17_23,"NPM: Percent of adolescents, ages 12 through 17 years. who receive needed mental health treatment or counseling",Demographic
npmMentor12to17_23,"NPM: Percent of adolescents, ages 12 through 17 years, who have one or more adults outside the home who they can rely on for advice or guidance",Demographic
npmMedHome_23,"NPM: Percent of children, ages 0 through 17, who have a medical home",Demographic
npmMedHomeCSHCN_23,"NPM: Percent of children with special health care needs (expanded criteria), ages 0 through 17, who have a medical home",Demographic
npmPerDrNs_23,"NPM: Percent of children, ages 0 through 17, who have a personal doctor or nurse",Demographic
npmPerDrNsCSHCN_23,"NPM: Percent of children with special health care needs (expanded criteria), ages 0 through 17, who have a personal doctor or nurse",Demographic
npmUsualSck_23,"NPM: Percent of children, ages 0 through 17, who have a usual source of sick care",Demographic
npmUsualSckCSHCN_23,"NPM: Percent of children with special health care needs (expanded criteria), ages 0 through 17, who have a usual source of sick care",Demographic
npmFamCent_23,"NPM: Percent of children, ages 0 through 17, who have family centered care",Demographic
npmFamCentCSHCN_23,"NPM: Percent of children with special health care needs (expanded criteria), ages 0 through 17, who have family centered care",Demographic
npmNoRefPrb2_23,"NPM: Percent of children, ages 0 through 17, who did not have difficulties getting needed referrals",Demographic
npmNoRefPrb2CSHCN_23,"NPM: Percent of children with special health care needs (expanded criteria), ages 0 through 17, who did not have difficulties getting needed referrals",Demographic
npmCareCoorR_23,"NPM: Percent of children, ages 0 through 17, who receive needed care coordination",Demographic
npmCareCoorRCSHCN_23,"NPM: Percent of children with special health care needs (expanded criteria), ages 0 through 17, who receive needed care coordination",Demographic
npmTransition_23,"NPM: Percent of adolescents, ages 12 through 17, who received services to prepare for the transition to adult health care",Demographic
npmTransitionCSHCN_23,"NPM: Percent of adolescents with special health care needs (expanded criteria), ages 12 through 17, who received services to prepare for the transition to adult health care",Demographic
npmBully12to17_23,"NPM: Percent of adolescents, ages 12 through 17, who bully others",Demographic
npmBully12to17CSHCN_23,"NPM: Percent of adolescents with special health care needs (expanded criteria), ages 12 through 17, who bully others",Demographic
npmBullied12to17_23,"NPM: Percent of adolescents, ages 12 through 17, who are bullied",Demographic
npmBullied12to17CSHCN_23,"NPM: Percent of adolescents with special health care needs (expanded criteria), ages 12 through 17, who are bullied",Demographic
nomSchoolReadiness_23,"NOM: Percent of children, ages 3 through 5, meeting the criteria for school readiness",Demographic
nomCavities_23,"NOM: Percent of children, ages 1 through 17, who have decayed teeth or cavities in the past year",Demographic
nomChHlthSt_23,"NOM: Percent of children, ages 0 through 17, in excellent or very good health",Demographic
nomObesity6to17_23,"NOM: Percent of adolescents, ages 6 through 17, who are obese (BMI at or above the 95th percentile)",Demographic
nomBehavior6to11_23,"NOM: Percent of children, ages 6 through 11, who have a behavioral or conduct disorder",Demographic
nomAnxietyDep12to17_23,"NOM: Percent of adolescents, ages 12 through 17, who have depression or anxiety",Demographic
nomSystCareCSHCN_23,"NOM: Percent of children with special health care needs (expanded criteria), ages 0 through 17, who receive care in a well-functioning system",Demographic
nomFlrish6mto5_23,"NOM: Percent of children, ages 6 months through 5 years, who are flourishing",Demographic
nomFlrish6to17_23,"NOM: Percent of children, ages 6 through 17, who are flourishing",Demographic
nomFlrish6to17CSHCN_23,"NOM: Percent of children with special health care needs (expanded criteria), ages 6 through 17, who are flourishing",Demographic
nomACE2more_23,"NOM: Percent of children, ages 0 through 17, who have experienced 2 or more Adverse Childhood Experiences",Demographic
smSmoking_23,"Standardized Measure: Percent of children, ages 0 through 17, who live in households where someone smokes",Demographic
smPhysAct12to17_23,"Standardized Measure: Percent of adolescents, ages 12 through 17 who are physically active at least 60 minutes per day",Demographic
smAdeqIns_23,"Standardized Measure: Percent of children, ages 0 through 17, who are continuously and adequately insured",Demographic
smForgoneHC_23,"Standardized Measure: Percent of children, ages 0 through 17, who were unable to obtain needed health care in the past year",Demographic
